nimi,hind,kategooria
Terry Cloth Robe,59.99,Võimlemispallid
Cinnamon Ice Cream,4.99,Hüppenöörid
Lightweight Workout Tank,29.99,Hüppenöörid
Indestructible Dog Toy,15.99,Hüppenöörid
Recipe Book Stand,22.99,Matid
DIY Candle Making Kit,22.99,Hüppenöörid
Trail Mix (Deluxe),4.59,Matid
Chocolate Chip Muffins,3.99,Hüppenöörid
Cinnamon Sugar Popcorn,2.89,Hüppenöörid
Children's Gardening Set,19.99,Võimlemispallid
Spinach Pizza Rolls,4.99,Hüppenöörid
Cajun Seasoning,1.99,Võimlemispallid
Laptop Sleeve,24.99,Matid
Coconut Almond Granola,4.99,Tõsterihmad
Herb Garden Planter Box,49.99,Tõsterihmad
Garlic and Herb Cream Cheese,3.49,Matid
Vegan Taco Seasoning,2.49,Võimlemispallid
Adjustable Resistance Bands,39.99,Võimlemispallid
Reusable Produce Bags Set,14.99,Hüppenöörid
Portable Phone Mug Holder,14.99,Võimlemispallid
Organic Fruit Salad,4.49,Hüppenöörid
Black Bean Salsa,3.49,Tõsterihmad
Cucumber Lime Sparkling Water,1.49,Matid
Slim Wallet,24.99,Matid
Vegan Mayonnaise,4.49,Matid
Skincare Set,54.99,Tõsterihmad
Indoor Grill,59.99,Matid
Hibiscus Tea Bags,3.79,Tõsterihmad
Fitness Activity Journal,14.99,Hüppenöörid
Fresh Basil,1.99,Matid
Woven Storage Baskets,24.99,Hüppenöörid
Hand Crank Blender,18.99,Võimlemispallid
High-Quality Yoga Mat,34.99,Tõsterihmad
Portable Bluetooth Speaker,49.99,Võimlemispallid
Pet Caress Brush,12.99,Tõsterihmad
Classic Baseball Cap,24.99,Hüppenöörid
Portable Air Compressor,44.99,Tõsterihmad
Red Lentils,1.99,Tõsterihmad
Coconut Almond Granola,4.99,Matid
Gluten-Free Biscuits,3.79,Hüppenöörid
Chocolate Chip Cookie Dough,5.49,Võimlemispallid
Handheld Vacuum,79.99,Tõsterihmad
Habanero Hot Sauce,3.79,Hüppenöörid
Almond Milk Yogurt,1.99,Tõsterihmad
Toy Building Set,29.99,Võimlemispallid
Smart Thermostat with Wi-Fi,169.99,Tõsterihmad
Wireless HDMI Receiver,49.99,Tõsterihmad
Granola Clusters,4.99,Võimlemispallid
Children's Backpack,29.99,Võimlemispallid
Canned Sardines,3.29,Matid
Chocolate Coconut Granola,3.79,Võimlemispallid
Electric Rice Cooker with Steamer,49.99,Tõsterihmad
Sliced Bread,2.99,Tõsterihmad
Wireless Security Camera,109.99,Matid
Frozen Acai Bowl,6.49,Võimlemispallid
Wire Shelving Unit,69.99,Hüppenöörid
Streaming Device,49.99,Matid
Electric Bike,899.99,Matid
Multi-Purpose Plant Care Tool,24.99,Võimlemispallid
Cranberry Lime Sparkling Water,1.5,Matid
Adjustable Yoga Mat Strap,14.99,Tõsterihmad
Wrist Support Brace,19.99,Võimlemispallid
Wall-Mounted Bookshelf,39.99,Võimlemispallid
Essential Oil Diffuser,34.99,Matid
Home Delivery Food Journal,14.99,Hüppenöörid
Multi-Function Meat Tenderizer,19.99,Võimlemispallid
Caramel Apple Taffy,1.99,Võimlemispallid
Wireless HDMI Transmitter,79.99,Hüppenöörid
Buffalo Chicken Dip,5.99,Tõsterihmad
High-Speed HDMI Cable,12.99,Matid
Cheesy Cauliflower Bake,5.49,Tõsterihmad
Hot Salsa,2.29,Võimlemispallid
Underwater Camera,199.99,Hüppenöörid
Solar Power Bank,39.99,Tõsterihmad
Electric Griddle,54.99,Tõsterihmad
Whisk Set,12.99,Matid
Asian Stir-Fry Vegetables,2.99,Hüppenöörid
Ethically-Sourced Coffee Beans,9.99,Matid
Miso Dressing,3.49,Tõsterihmad
Bamboo Utensil Holder,14.99,Matid
Elderberry Syrup Kit,22.99,Võimlemispallid
Portable Campfire,39.99,Hüppenöörid
Outdoor Sports Backpack,49.99,Võimlemispallid
Electric Hot Water Dispenser,59.99,Võimlemispallid
Pesto Pasta Salad,4.99,Võimlemispallid
Beef Stroganoff Mix,5.49,Tõsterihmad
Smartphone Photography Tripod,29.99,Hüppenöörid
Homemade Salsa,3.79,Võimlemispallid
Pepperoni Pizza Rolls,6.99,Võimlemispallid
Personalized Keychain,10.99,Matid
Self-Watering Planters,49.99,Matid
Crispy Chickpeas,2.99,Hüppenöörid
Organic Coconut Flour,5.49,Võimlemispallid
Almond Flour Biscuits,6.49,Võimlemispallid
Banana Peanut Butter Smoothie,5.49,Tõsterihmad
Vegetable Spring Rolls,6.49,Tõsterihmad
Handcrafted Wooden Coasters,19.99,Matid
Honey mustard chicken tenders,7.99,Matid
Lentils,2.99,Võimlemispallid
Herbal Tea Infuser,9.99,Tõsterihmad
